<?xml version="1.0" encoding="UTF-8"?>
<!DOCTYPE mapper PUBLIC "-//mybatis.org//DTD Mapper 3.0//EN" "http://mybatis.org/dtd/mybatis-3-mapper.dtd">
<mapper namespace="com.memship.biz.service.mapper.MemshipPointMapper">

    <insert id="insertMemshipPoint">
        INSERT INTO MEMSHIP_POINT_HIS /** insertPoint | 멤버십 포인트 사용 적립 생성 등록 */
        (
          barcode_no        /* 바코드 */          
        , partner  		   /* 가맹점코드 */
        , type_cd      /* 사용:1 적립:0 구분 */
        , point_amt      /* 포인트금액 */
        , approved_at    /* 사용일시 */
        , user_id    /* 사용자 */
        , first_cret_at    /* 최초등록일시 */
        , first_cret_id    /* 최초등록자 */
        , last_chng_at     /* 마지막 변경일시 */
        , last_chng_id     /* 마지막변경자 */
        )
        VALUES
        (
          #{barcodeNo}
        , #{partner}
        , #{typeCd}
        , #{pointAmt}
        , NOW()
        , #{userId}
        , NOW()
        , #{userId}
        , NOW()
        , #{userId}
        )
    </insert>
    
    <insert id="insertMemshipPartner">
        INSERT INTO MEMSHIP_PARTNER_MST /** 멤버십 가맹점 생성 등록 - 미사용 */
        (
          partner  		   /* 가맹점코드 */
        , partner_nm      /* 가맹점명 */
        , category        /* 분류코드 */
        , category_nm      /* 분류명 */
        , first_cret_at    /* 최초등록일시 */
        , first_cret_id    /* 최초등록자 */
        , last_chng_at     /* 마지막 변경일시 */
        , last_chng_id     /* 마지막변경자 */
        )
        VALUES
        (
          #{partner}
        , #{partnerNm}
        , #{category}
        , #{categoryNm}
        , NOW()
        , #{userId}
        , NOW()
        , #{userId}
        )
    </insert>

    <select id="selectMemshipPointList" resultType="MemshipPointDTO">
		SELECT TH.approved_at
			, type_cd
			, CASE WHEN TYPE_CD = 0 THEN 'earn' else 'use' end as type
			, TH.point_amt
			, TM.category
			, TM.category_nm
			, TM.partner
			, TM.partner_nm
			, TH.user_id as user
		    , TH.barcode_no
		FROM MEMSHIP_POINT_HIS TH
			left outer join MEMSHIP_PARTNER_MST TM 
			ON TH.PARTNER=TM.PARTNER
		where TH.barcode_no = #{barcodeNo}
		<![CDATA[ and to_char(TH.approved_at, 'yyyymmdd') >= #{startAt} 
		and to_char(TH.approved_at, 'yyyymmdd') <= #{endAt} ]]>
    </select>

    <select id="selectPointAmtBal" resultType="MemshipPointDTO">
    	SELECT SUM(HIS.pointAmtHis) as pointAmtBal
			  , HIS.category_nm as categoryNm
		FROM(
			SELECT TM.category_nm,
				case when TH.type_cd = 0  then TH.point_amt
				else TH.point_amt*-1 end as pointAmtHis
			FROM MEMSHIP_POINT_HIS TH 
			  left outer join MEMSHIP_PARTNER_MST TM  
			  ON TH.PARTNER=TM.PARTNER
			where user_id = #{userId}
			and  tm.partner = #{partner}
		) HIS 
		group by HIS.category_nm
    </select>
  
</mapper>